hs_rRNA_18S,27,Am ,,Nm,,
hs_rRNA_18S,34,Psi34,Psi34,Psi,0,ACA50/ACA62
hs_rRNA_18S,36,Psi36,Psi36,Psi,0,U69
hs_rRNA_18S,93,Psi93,Psi93,Psi,0,U23
hs_rRNA_18S,99,Am ,,Nm,,
hs_rRNA_18S,105,Psi105,Psi105,Psi,0,ACA36/ACA36b/ACA50/ACA62
hs_rRNA_18S,109,Psi109,Psi109,Psi,0,ACA42/ACA67
hs_rRNA_18S,116,Um ,,Nm,,
hs_rRNA_18S,119,Psi119,Psi119,Psi,0,U66
hs_rRNA_18S,121,Um ,,Nm,,
hs_rRNA_18S,159,Am ,,Nm,,
hs_rRNA_18S,166,Am ,,Nm,,
hs_rRNA_18S,172,Um ,,Nm,,
hs_rRNA_18S,174,Cm ,,Nm,,
hs_rRNA_18S,210,Psi210,Psi210,Psi,0,ACA10
hs_rRNA_18S,218,Psi218,Psi218,Psi,0,ACA31
hs_rRNA_18S,296,Psi296,Psi296,Psi,0,unknown
hs_rRNA_18S,354,Um ,,Nm,,
hs_rRNA_18S,406,Psi406,Psi406,Psi,0,U71a/U71b/U71c/U71d
hs_rRNA_18S,428,Um ,,Nm,,
hs_rRNA_18S,436,Gm ,,Nm,,
hs_rRNA_18S,462,Cm ,,Nm,,
hs_rRNA_18S,468,Am ,,Nm,,
hs_rRNA_18S,484,Am ,,Nm,,
hs_rRNA_18S,509,Gm ,,Nm,,
hs_rRNA_18S,512,Am ,,Nm,,
hs_rRNA_18S,517,Cm ,,Nm,,
hs_rRNA_18S,572,Psi572,Psi572,Psi,0,ACA42/ACA67
hs_rRNA_18S,576,Am ,,Nm,,
hs_rRNA_18S,590,Am ,,Nm,,
hs_rRNA_18S,601,Gm ,,Nm,,
hs_rRNA_18S,609,Psi609,Psi609,Psi,0,ACA24
hs_rRNA_18S,621,Cm ,,Nm,,
hs_rRNA_18S,627,Um ,,Nm,,
hs_rRNA_18S,644,Gm ,,Nm,,
hs_rRNA_18S,649,Psi649,Psi649,Psi,0,ACA46
hs_rRNA_18S,651,Psi651,Psi651,Psi,0,ACA20
hs_rRNA_18S,668,Am ,,Nm,,
hs_rRNA_18S,681,Psi681,Psi681,Psi,0,unknown
hs_rRNA_18S,683,Gm ,,Nm,,
hs_rRNA_18S,686,Psi686,Psi686,Psi,0,ACA44
hs_rRNA_18S,797,Cm ,,Nm,,
hs_rRNA_18S,799,Um ,,Nm,,
hs_rRNA_18S,801,Psi801,Psi801,Psi,0,ACA25
hs_rRNA_18S,814,Psi814,Psi814,Psi,0,ACA25/ACA63
hs_rRNA_18S,815,Psi815,Psi815,Psi,0,ACA28
hs_rRNA_18S,822,Psi822,Psi822,Psi,0,ACA44
hs_rRNA_18S,863,Psi863,Psi863,Psi,0,ACA24
hs_rRNA_18S,866,Psi866,Psi866,Psi,0,ACA28
hs_rRNA_18S,867,Gm ,,Nm,,
hs_rRNA_18S,897,Psi897,Psi897,Psi,0,SNORA44
hs_rRNA_18S,918,Psi918,Psi918,Psi,0,unknown
hs_rRNA_18S,966,Psi966,Psi966,Psi,0,ACA14a/ACA14b
hs_rRNA_18S,1004,Psi1004,Psi1004,Psi,0,ACA60/U99
hs_rRNA_18S,1031,Am ,,Nm,,
hs_rRNA_18S,1045,Psi1045,Psi1045,Psi,0,SNORA24/24B
hs_rRNA_18S,1046,Psi1046,Psi1046,Psi,0,unknown
hs_rRNA_18S,1056,Psi1056,Psi1056,Psi,0,ACA8
hs_rRNA_18S,1081,Psi1081,Psi1081,Psi,0,ACA8
hs_rRNA_18S,1136,Psi1136,Psi1136,Psi,0,SNORA60
hs_rRNA_18S,1174,Psi1174,Psi1174,Psi,0,ACA40
hs_rRNA_18S,1177,Psi1177,Psi1177,Psi,0,unknown
hs_rRNA_18S,1232,Psi1232,Psi1232,Psi,0,SNORA70
hs_rRNA_18S,1238,Psi1238,Psi1238,Psi,0,ACA5/ACA5b/ACA5c
hs_rRNA_18S,1244,Psi1244,Psi1244,Psi,0,ACA36/ACA36b
hs_rRNA_18S,1248,m1acp3Y1248,m1acp3Y1248,Psi,0,ACA13
hs_rRNA_18S,1248,m1acp3? ,,Psi,,
hs_rRNA_18S,1272,Cm ,,Nm,,
hs_rRNA_18S,1288,Um ,,Nm,,
hs_rRNA_18S,1326,Pm1326,Pm1326,Psi,0,unknown
hs_rRNA_18S,1326,Um ,,Nm,,
hs_rRNA_18S,1328,Gm ,,Nm,,
hs_rRNA_18S,1337,ac4C ,,base_mod,,
hs_rRNA_18S,1347,Psi1347,Psi1347,Psi,0,ACA4
hs_rRNA_18S,1367,Psi1367,Psi1367,Psi,0,ACA15
hs_rRNA_18S,1383,Am ,,Nm,,
hs_rRNA_18S,1391,Cm ,,Nm,,
hs_rRNA_18S,1442,Um ,,Nm,,
hs_rRNA_18S,1445,Psi1445,Psi1445,Psi,0,U67
hs_rRNA_18S,1447,Gm ,,Nm,,
hs_rRNA_18S,1490,Gm ,,Nm,,
hs_rRNA_18S,1625,Psi1625,Psi1625,Psi,0,ACA5/ACA5c
hs_rRNA_18S,1639,m7G ,,base_mod,,
hs_rRNA_18S,1643,Psi1643,Psi1643,Psi,0,ACA41
hs_rRNA_18S,1668,Um ,,Nm,,
hs_rRNA_18S,1678,Am ,,Nm,,
hs_rRNA_18S,1692,Psi1692,Psi1692,Psi,0,U70
hs_rRNA_18S,1703,Cm ,,Nm,,
hs_rRNA_18S,1804,Um ,,Nm,,
hs_rRNA_18S,1832,m6A ,,base_mod,,
hs_rRNA_18S,1842,ac4C ,,base_mod,,
hs_rRNA_18S,1850,m62A ,,base_mod,,
hs_rRNA_18S,1851,m62A ,,base_mod,,
hs_rRNA_28S,389,Am ,,Nm,,
hs_rRNA_28S,391,Am ,,Nm,,
hs_rRNA_28S,1303,Gm ,,Nm,,
hs_rRNA_28S,1309,m1A ,,base_mod,,
hs_rRNA_28S,1310,Am ,,Nm,,
hs_rRNA_28S,1313,Am ,,Nm,,
hs_rRNA_28S,1327,Cm ,,Nm,,
hs_rRNA_28S,1509,Gm ,,Nm,,
hs_rRNA_28S,1511,Am ,,Nm,,
hs_rRNA_28S,1521,Am ,,Nm,,
hs_rRNA_28S,1536,Psi1523,Psi1536,Psi,0,unknown
hs_rRNA_28S,1582,Psi1569,Psi1582,Psi,0,ACA7/ACA7B
hs_rRNA_28S,1612,Gm ,,Nm,,
hs_rRNA_28S,1677,Psi1664,Psi1677,Psi,0,ACA56
hs_rRNA_28S,1683,Psi1670,Psi1683,Psi,0,ACA9
hs_rRNA_28S,1744,Psi1731,Psi1744,Psi,0,ACA52
hs_rRNA_28S,1747,Gm ,,Nm,,
hs_rRNA_28S,1760,Um ,,Nm,,
hs_rRNA_28S,1779,Psi1766,Psi1779,Psi,0,HBI-115
hs_rRNA_28S,1781,Psi1768,Psi1781,Psi,0,SNORA9
hs_rRNA_28S,1782,Psi1769,Psi1782,Psi,0,ACA9
hs_rRNA_28S,1792,Psi1779,Psi1792,Psi,0,ACA7/ACA7B
hs_rRNA_28S,1858,Am ,,Nm,,
hs_rRNA_28S,1860,Psi1847,Psi1860,Psi,0,ACA32
hs_rRNA_28S,1862,Psi1849,Psi1862,Psi,0,unknown
hs_rRNA_28S,1868,Cm ,,Nm,,
hs_rRNA_28S,2338,Cm ,,Nm,,
hs_rRNA_28S,2350,Am ,,Nm,,
hs_rRNA_28S,2351,Gm ,,Nm,,
hs_rRNA_28S,2352,Cm ,,Nm,,
hs_rRNA_28S,2388,Am ,,Nm,,
hs_rRNA_28S,2402,Um ,,Nm,,
hs_rRNA_28S,2409,Cm ,,Nm,,
hs_rRNA_28S,2411,Gm ,,Nm,,
hs_rRNA_28S,2508,Psi2495,Psi2508,Psi,0,ACA61
hs_rRNA_28S,2632,Psi2619,Psi2632,Psi,0,SNORA38
hs_rRNA_28S,2774,Am ,,Nm,,
hs_rRNA_28S,2791,Cm ,,Nm,,
hs_rRNA_28S,2802,Am ,,Nm,,
hs_rRNA_28S,2811,Cm ,,Nm,,
hs_rRNA_28S,2824,Um ,,Nm,,
hs_rRNA_28S,2839,Psi2826,Psi2839,Psi,0,unknown
hs_rRNA_28S,2843,Psi2830,Psi2843,Psi,0,unknown
hs_rRNA_28S,2848,Cm ,,Nm,,
hs_rRNA_28S,2863,Gm ,,Nm,,
hs_rRNA_28S,3606,Gm ,,Nm,,
hs_rRNA_28S,3637,Psi3616,Psi3637,Psi,0,ACA6
hs_rRNA_28S,3639,Psi3618,Psi3639,Psi,0,ACA19
hs_rRNA_28S,3680,Cm ,,Nm,,
hs_rRNA_28S,3695,Psi3674,Psi3695,Psi,0,unknown
hs_rRNA_28S,3697,Am ,,Nm,,
hs_rRNA_28S,3703,Am ,,Nm,,
hs_rRNA_28S,3715,Psi3694,Psi3715,Psi,0,ACA27
hs_rRNA_28S,3723,Gm ,,Nm,,
hs_rRNA_28S,3730,Psi3709,Psi3730,Psi,0,ACA19
hs_rRNA_28S,3734,Psi3713,Psi3734,Psi,0,ACA31
hs_rRNA_28S,3739,Am ,,Nm,,
hs_rRNA_28S,3758,Psi3737,Psi3758,Psi,0,ACA23
hs_rRNA_28S,3761,m5C ,,base_mod,,
hs_rRNA_28S,3762,Psi3741,Psi3762,Psi,0,U19/U19-2
hs_rRNA_28S,3764,Psi3743,Psi3764,Psi,0,U19/U19-2
hs_rRNA_28S,3764,Am ,,Nm,,
hs_rRNA_28S,3768,Psi3747,Psi3768,Psi,0,unknown
hs_rRNA_28S,3770,Psi3749,Psi3770,Psi,0,unknown
hs_rRNA_28S,3771,Gm ,,Nm,,
hs_rRNA_28S,3787,Cm ,,Nm,,
hs_rRNA_28S,3804,Am ,,Nm,,
hs_rRNA_28S,3809,Am ,,Nm,,
hs_rRNA_28S,3818,Pm3797,Pm3818,Psi,0,HBI-43
hs_rRNA_28S,3820,Cm ,,Nm,,
hs_rRNA_28S,3822,Psi3801,Psi3822,Psi,0,ACA54
hs_rRNA_28S,3844,Psi3823,Psi3844,Psi,0,ACA58
hs_rRNA_28S,3846,Am ,,Nm,,
hs_rRNA_28S,3848,Cm ,,Nm,,
hs_rRNA_28S,3851,Psi3830,Psi3851,Psi,0,E2
hs_rRNA_28S,3853,Psi3832,Psi3853,Psi,0,ACA8/E2
hs_rRNA_28S,3866,Cm ,,Nm,,
hs_rRNA_28S,3878,Gm ,,Nm,,
hs_rRNA_28S,3884,Psi3863,Psi3884,Psi,0,unknown
hs_rRNA_28S,3904,Um ,,Nm,,
hs_rRNA_28S,3920,Psi3899,Psi3920,Psi,0,ACA3
hs_rRNA_28S,3923,Gm ,,Nm,,
hs_rRNA_28S,3959,Psi3938,Psi3959,Psi,0,ACA3
hs_rRNA_28S,4020,Gm ,,Nm,,
hs_rRNA_28S,4032,Cm ,,Nm,,
hs_rRNA_28S,4166,Gm ,,Nm,,
hs_rRNA_28S,4190,m6A ,,base_mod,,
hs_rRNA_28S,4197,Um ,,Nm,,
hs_rRNA_28S,4198,Gm ,,Nm,,
hs_rRNA_28S,4276,Um ,,Nm,,
hs_rRNA_28S,4293,Psi4263,Psi4293,Psi,0,ACA2a/ACA2b
hs_rRNA_28S,4296,Psi4266,Psi4296,Psi,0,unknown
hs_rRNA_28S,4299,Psi4269,Psi4299,Psi,0,ACA34
hs_rRNA_28S,4312,Psi4282,Psi4312,Psi,0,ACA2a/ACA2b/ACA34
hs_rRNA_28S,4340,Gm ,,Nm,,
hs_rRNA_28S,4353,Psi4323,Psi4353,Psi,0,unknown
hs_rRNA_28S,4361,Psi4331,Psi4361,Psi,0,ACA23/ACA64
hs_rRNA_28S,4362,Gm ,,Nm,,
hs_rRNA_28S,4403,Psi4373,Psi4403,Psi,0,U65
hs_rRNA_28S,4417,m5C ,,base_mod,,
hs_rRNA_28S,4420,Psi4390,Psi4420,Psi,0,E3
hs_rRNA_28S,4423,Psi4393,Psi4423,Psi,0,U68
hs_rRNA_28S,4426,Cm ,,Nm,,
hs_rRNA_28S,4431,Psi4401,Psi4431,Psi,0,ACA21
hs_rRNA_28S,4442,Psi4412,Psi4442,Psi,0,ACA16
hs_rRNA_28S,4457,Psi4427,Psi4457,Psi,0,U65
hs_rRNA_28S,4464,Gm ,,Nm,,
hs_rRNA_28S,4468,Um ,,Nm,,
hs_rRNA_28S,4469,Gm ,,Nm,,
hs_rRNA_28S,4471,Psi4441,Psi4471,Psi,0,ACA1
hs_rRNA_28S,4493,Psi4463,Psi4493,Psi,0,SNORA63D
hs_rRNA_28S,4493,Am ,,Nm,,
hs_rRNA_28S,4500,Psi4470,Psi4500,Psi,0,ACA21
hs_rRNA_28S,4500,m3U ,,base_mod,,
hs_rRNA_28S,4506,Cm ,,Nm,,
hs_rRNA_28S,4521,Psi4491,Psi4521,Psi,0,ACA10
hs_rRNA_28S,4532,Psi4502,Psi4532,Psi,0,unknown
hs_rRNA_28S,4541,Am ,,Nm,,
hs_rRNA_28S,4552,Psi4522,Psi4552,Psi,0,ACA27/HBI-6
hs_rRNA_28S,4560,Am ,,Nm,,
hs_rRNA_28S,4576,Psi4546,Psi4576,Psi,0,ACA40
hs_rRNA_28S,4579,Psi4549,Psi4579,Psi,0,unknown
hs_rRNA_28S,4588,Gm ,,Nm,,
hs_rRNA_28S,4590,Um ,,Nm,,
hs_rRNA_28S,4593,Gm ,,Nm,,
hs_rRNA_28S,4607,Gm ,,Nm,,
hs_rRNA_28S,4628,Psi4598,Psi4628,Psi,0,ACA17
hs_rRNA_28S,4636,Psi4606,Psi4636,Psi,0,HBI-61
hs_rRNA_28S,4673,Psi4643,Psi4673,Psi,0,ACA30/ACA37
hs_rRNA_28S,4689,Psi4659,Psi4689,Psi,0,ACA17
hs_rRNA_28S,4972,Psi4937,Psi4972,Psi,0,ACA17
hs_rRNA_28S,5001,Psi4966,Psi5001,Psi,0,ACA22/ACA33
hs_rRNA_28S,5010,Psi4975,Psi5010,Psi,0,ACA22/U64
hs_rRNA_5.8S,14,Um ,,Nm,,
hs_rRNA_5.8S,55,Psi55,Psi55,Psi,0,U72
hs_rRNA_5.8S,69,Psi69,Psi69,Psi,0,U69
hs_rRNA_5.8S,75,Gm ,,Nm,,
